frame_id,is_keyframe,payload_bytes,capture_ms,encode_ms,send_ms,host_total_ms,device_decode_ms,glass_to_glass_ms
1,False,0,26.895,17.117,0.015,44.036,0.000,0.000
2,False,0,24.079,10.657,0.012,34.779,0.000,0.000
3,True,81644,26.787,20.686,0.007,47.488,0.000,0.000
4,False,2528,22.986,12.327,0.006,35.326,0.000,0.000
5,False,8234,21.134,11.758,0.007,32.910,0.000,0.000
6,False,4565,22.807,12.224,0.006,35.042,0.000,0.000
7,False,4132,22.519,12.771,0.009,35.304,0.000,0.000
8,False,15628,23.237,11.427,0.007,34.679,0.000,0.000
9,False,992,22.224,11.884,0.008,34.122,0.000,0.000
10,False,198,22.523,12.106,0.008,34.645,0.000,0.000
11,False,237,23.049,12.194,0.007,35.256,0.000,0.000
12,False,208,23.030,11.676,0.009,34.724,0.000,0.000
13,False,1976,22.458,12.373,0.006,34.845,0.000,0.000
14,False,3926,22.153,12.930,0.009,35.097,0.000,0.000
15,False,3022,23.658,12.727,0.006,36.398,0.000,0.000
16,False,251,27.566,12.531,0.008,40.112,0.000,0.000
17,False,234,29.489,12.974,0.007,42.478,0.000,0.000
18,False,249,21.352,12.136,0.004,33.500,0.000,0.000
19,False,271,21.589,12.864,0.008,34.467,0.000,0.000
20,False,219,21.962,11.924,0.015,33.907,0.000,0.000
21,False,233,24.578,15.139,0.007,39.732,0.000,0.000
22,False,214,24.381,16.708,0.007,41.101,0.000,0.000
23,False,6022,30.003,12.545,0.011,42.565,0.000,0.000
24,False,1355,25.711,12.748,0.005,38.472,0.000,0.000
25,False,995,22.857,11.975,0.004,34.842,0.000,0.000
26,False,809,22.644,11.607,0.007,34.265,0.000,0.000
27,False,702,23.701,15.611,0.008,39.329,0.000,0.000
28,False,657,29.159,13.071,0.007,42.244,0.000,0.000
29,False,667,24.416,12.229,0.007,36.669,0.000,0.000
30,False,658,25.346,12.878,0.006,38.235,0.000,0.000
31,False,659,26.408,12.166,0.007,38.588,0.000,0.000
32,False,681,22.067,13.933,0.010,36.015,0.000,0.000
33,False,612,25.746,13.887,0.009,39.647,0.000,0.000
34,False,621,23.747,13.820,0.008,37.582,0.000,0.000
35,False,611,30.805,14.400,0.006,45.216,0.000,0.000
36,False,627,22.257,13.617,0.004,35.883,0.000,0.000
37,False,629,21.424,14.342,0.009,35.780,0.000,0.000
38,False,624,28.109,11.666,0.006,39.789,0.000,0.000
39,False,3003,23.472,11.710,0.005,35.195,0.000,0.000
40,False,1093,23.735,11.897,0.007,35.646,0.000,0.000
41,False,724,30.923,12.499,0.006,43.433,0.000,0.000
42,False,598,25.931,12.101,0.006,38.044,0.000,0.000
43,False,608,30.313,12.886,0.019,43.226,0.000,0.000
44,False,599,28.054,12.578,0.008,40.647,0.000,0.000
45,False,628,23.800,11.419,0.008,35.234,0.000,0.000
46,False,590,24.338,14.208,0.010,38.564,0.000,0.000
47,False,595,28.607,13.567,0.006,42.185,0.000,0.000
48,False,580,24.339,11.946,0.005,36.296,0.000,0.000
49,False,603,24.854,11.074,0.007,35.942,0.000,0.000
50,False,604,20.983,12.142,0.007,33.138,0.000,0.000
51,False,591,25.954,14.089,0.009,40.057,0.000,0.000
52,False,605,24.287,11.732,0.006,36.033,0.000,0.000
53,False,684,25.017,11.423,0.006,36.454,0.000,0.000
54,False,601,21.171,12.226,0.010,33.413,0.000,0.000
55,False,3112,21.934,15.037,0.007,36.983,0.000,0.000
56,False,1338,30.516,12.049,0.007,42.579,0.000,0.000
57,False,1109,28.362,11.623,0.006,39.998,0.000,0.000
58,False,1102,21.096,11.943,0.027,33.073,0.000,0.000
59,False,1052,24.028,12.712,0.007,36.755,0.000,0.000
60,False,1043,20.140,12.769,0.004,32.919,0.000,0.000
61,False,1019,23.308,11.827,0.006,35.148,0.000,0.000
62,False,1053,22.045,12.257,0.007,34.314,0.000,0.000
63,False,1057,22.257,12.789,0.006,35.057,0.000,0.000
64,False,1049,24.902,11.880,0.008,36.798,0.000,0.000
65,False,1044,28.467,14.968,0.006,43.448,0.000,0.000
66,False,1123,27.527,11.687,0.006,39.227,0.000,0.000
67,False,1060,22.409,12.165,0.006,34.587,0.000,0.000
68,False,1043,22.021,13.078,0.007,35.113,0.000,0.000
69,False,1047,20.426,12.475,0.007,32.913,0.000,0.000
70,False,1050,24.920,15.848,0.007,40.782,0.000,0.000
71,False,129534,27.428,12.314,0.007,39.757,0.000,0.000
72,False,946,27.116,11.706,0.008,38.836,0.000,0.000
73,False,710,22.517,12.629,0.006,35.160,0.000,0.000
74,False,672,21.231,12.012,0.007,33.256,0.000,0.000
75,False,28594,22.574,12.475,0.007,35.061,0.000,0.000
76,False,1867,21.366,13.559,0.007,34.937,0.000,0.000
77,False,991,22.156,12.738,0.006,34.905,0.000,0.000
78,False,864,23.281,12.452,0.006,35.746,0.000,0.000
79,False,818,22.294,11.700,0.008,34.010,0.000,0.000
80,False,900,22.536,11.864,0.006,34.412,0.000,0.000
81,False,742,22.966,11.405,0.006,34.383,0.000,0.000
82,False,752,22.711,13.128,0.006,35.852,0.000,0.000
83,False,723,19.256,11.348,0.009,30.618,0.000,0.000
84,False,779,25.184,13.165,0.007,38.361,0.000,0.000
85,False,773,23.279,11.730,0.006,35.022,0.000,0.000
86,False,913,22.365,13.036,0.023,35.432,0.000,0.000
87,False,776,28.085,11.596,0.014,39.700,0.000,0.000
88,False,749,23.926,11.723,0.007,35.664,0.000,0.000
89,False,736,22.024,14.333,0.013,36.375,0.000,0.000
90,False,753,31.530,13.704,0.007,45.249,0.000,0.000
91,False,720,22.081,13.508,0.009,35.603,0.000,0.000
92,False,87511,21.502,13.505,0.006,35.018,0.000,0.000
93,False,2479,22.821,12.398,0.006,35.230,0.000,0.000
94,False,5260,26.176,11.980,0.006,38.167,0.000,0.000
95,False,1944,26.479,16.263,0.007,42.755,0.000,0.000
96,False,1428,23.851,12.922,0.006,36.785,0.000,0.000
97,False,1283,20.208,12.467,0.007,32.688,0.000,0.000
98,False,1227,23.328,11.662,0.004,34.999,0.000,0.000
99,False,1419,21.976,11.297,0.009,33.288,0.000,0.000
100,False,1187,32.582,15.293,0.009,47.889,0.000,0.000
101,False,1245,32.087,13.433,0.008,45.534,0.000,0.000
102,False,1209,20.247,12.983,0.007,33.242,0.000,0.000
103,False,1211,27.453,13.947,0.006,41.413,0.000,0.000
104,False,1304,22.729,13.599,0.006,36.339,0.000,0.000
105,False,1287,22.303,12.502,0.006,34.817,0.000,0.000
106,False,1227,23.053,11.738,0.007,34.804,0.000,0.000
107,False,1369,22.307,12.529,0.006,34.847,0.000,0.000
108,False,1247,23.169,12.962,0.006,36.145,0.000,0.000
109,False,1283,23.299,11.741,0.006,35.054,0.000,0.000
110,False,1293,20.640,11.890,0.007,32.542,0.000,0.000
111,False,1233,23.579,12.837,0.006,36.429,0.000,0.000
112,False,1303,22.405,12.145,0.006,34.564,0.000,0.000
113,False,1345,21.749,12.840,0.006,34.600,0.000,0.000
114,False,1188,21.402,15.684,0.024,37.115,0.000,0.000
115,False,1206,30.240,13.366,0.016,43.628,0.000,0.000
116,False,1215,24.325,11.869,0.006,36.206,0.000,0.000
117,False,1213,25.275,11.882,0.010,37.175,0.000,0.000
118,False,1260,27.363,12.500,0.007,39.875,0.000,0.000
119,False,1261,22.440,12.327,0.018,34.790,0.000,0.000
120,False,1226,23.858,12.639,0.017,36.522,0.000,0.000
121,False,1385,26.049,12.355,0.013,38.425,0.000,0.000
122,False,1257,25.705,11.733,0.009,37.454,0.000,0.000
123,False,1264,20.288,12.382,0.004,32.680,0.000,0.000
124,False,1223,23.433,14.780,0.009,38.229,0.000,0.000
125,False,1273,29.789,13.662,0.006,43.464,0.000,0.000
126,False,1220,26.249,11.518,0.009,37.784,0.000,0.000
127,False,1443,22.768,12.050,0.005,34.831,0.000,0.000
128,False,1225,24.255,12.324,0.008,36.594,0.000,0.000
129,False,1221,30.295,12.842,0.010,43.153,0.000,0.000
130,False,1252,27.439,12.467,0.025,39.939,0.000,0.000
131,False,1307,24.364,13.062,0.006,37.437,0.000,0.000
132,False,1241,26.362,12.604,0.008,38.981,0.000,0.000
133,False,1294,28.196,12.649,0.016,40.869,0.000,0.000
134,False,1388,33.004,17.124,0.010,50.144,0.000,0.000
135,False,1300,28.825,12.025,0.006,40.865,0.000,0.000
136,False,1241,27.447,12.804,0.007,40.263,0.000,0.000
137,False,1303,21.642,11.922,0.004,33.574,0.000,0.000
138,False,1243,23.389,11.796,0.008,35.201,0.000,0.000
139,False,1333,23.299,11.800,0.007,35.113,0.000,0.000
140,False,1238,24.027,14.557,0.007,38.598,0.000,0.000
141,False,1251,29.554,13.762,0.005,43.328,0.000,0.000
142,False,1232,24.734,12.339,0.013,37.091,0.000,0.000
143,False,1260,30.010,12.173,0.008,42.198,0.000,0.000
144,False,1228,28.984,13.063,0.018,42.073,0.000,0.000
145,False,1284,31.302,14.125,0.006,45.440,0.000,0.000
146,False,1283,27.454,12.752,0.006,40.217,0.000,0.000
147,False,1348,23.948,12.705,0.007,36.665,0.000,0.000
148,False,1283,25.661,12.330,0.007,38.005,0.000,0.000
149,False,1242,28.312,11.810,0.016,40.146,0.000,0.000
150,False,1270,23.052,12.550,0.010,35.619,0.000,0.000
151,False,1217,29.994,13.895,0.006,43.903,0.000,0.000
152,False,1268,25.056,12.969,0.007,38.037,0.000,0.000
153,False,1327,23.084,14.559,0.017,37.667,0.000,0.000
154,False,1258,29.299,13.862,0.006,43.172,0.000,0.000
155,False,1265,25.630,12.444,0.005,38.084,0.000,0.000
156,False,1291,31.986,12.031,0.007,44.032,0.000,0.000
157,False,1295,27.298,12.155,0.006,39.465,0.000,0.000
158,False,1255,28.448,11.544,0.005,40.004,0.000,0.000
159,False,1375,22.365,13.292,0.006,35.711,0.000,0.000
160,False,1294,23.002,11.904,0.005,34.919,0.000,0.000
161,False,1299,20.070,12.000,0.008,32.083,0.000,0.000
162,False,1232,24.692,11.335,0.007,36.041,0.000,0.000
163,False,1201,25.105,11.452,0.006,36.570,0.000,0.000
164,False,1321,20.824,12.408,0.009,33.248,0.000,0.000
165,False,1322,23.875,11.674,0.006,35.560,0.000,0.000
166,False,1253,21.145,12.123,0.006,33.280,0.000,0.000
167,False,1334,22.097,11.609,0.005,33.716,0.000,0.000
168,False,1211,24.241,12.213,0.006,36.467,0.000,0.000
169,False,1246,24.143,13.412,0.008,37.569,0.000,0.000
170,False,1265,27.578,11.985,0.006,39.583,0.000,0.000
171,False,1219,22.548,13.600,0.010,36.165,0.000,0.000
172,False,1303,30.915,13.461,0.007,44.390,0.000,0.000
173,False,1360,27.270,12.167,0.006,39.450,0.000,0.000
174,False,1294,28.362,12.806,0.008,41.184,0.000,0.000
175,False,1299,27.688,12.077,0.007,39.779,0.000,0.000
176,False,1316,21.593,12.377,0.005,33.983,0.000,0.000
177,False,1277,22.058,13.514,0.007,35.586,0.000,0.000
178,False,1429,24.183,14.061,0.009,38.260,0.000,0.000
179,False,1228,25.096,13.165,0.005,38.271,0.000,0.000
180,False,1279,23.737,12.117,0.006,35.867,0.000,0.000
181,False,1234,26.469,14.055,0.007,40.537,0.000,0.000
182,False,1270,26.383,14.452,0.006,40.848,0.000,0.000
183,False,1263,22.445,15.594,0.007,38.052,0.000,0.000
184,False,1283,26.357,13.467,0.006,39.836,0.000,0.000
185,False,1240,21.397,12.222,0.006,33.630,0.000,0.000
186,False,1333,21.900,13.229,0.005,35.139,0.000,0.000
187,False,1298,20.625,12.834,0.008,33.472,0.000,0.000
188,False,1327,22.727,14.273,0.007,37.013,0.000,0.000
189,False,1233,23.826,13.490,0.011,37.333,0.000,0.000
190,False,1238,27.642,11.151,0.006,38.804,0.000,0.000
191,False,1248,23.110,15.078,0.009,38.204,0.000,0.000
192,False,1275,24.863,13.152,0.016,38.036,0.000,0.000
193,False,1221,22.412,12.437,0.020,34.876,0.000,0.000
194,False,1248,22.436,13.111,0.017,35.571,0.000,0.000
195,False,1319,29.070,13.349,0.010,42.437,0.000,0.000
196,False,1272,30.059,13.016,0.024,43.105,0.000,0.000
197,False,1204,26.652,11.879,0.015,38.554,0.000,0.000
198,False,1271,24.671,14.088,0.007,38.771,0.000,0.000
199,False,1315,28.010,14.868,0.007,42.892,0.000,0.000
200,False,1305,24.741,11.879,0.005,36.631,0.000,0.000
201,False,1223,20.886,12.474,0.006,33.372,0.000,0.000
202,False,1285,28.858,17.975,0.009,46.850,0.000,0.000
203,False,1277,22.060,12.645,0.007,34.718,0.000,0.000
204,False,1270,22.524,12.883,0.006,35.418,0.000,0.000
205,False,3315,23.777,14.307,0.007,38.098,0.000,0.000
206,False,18785,28.159,14.498,0.014,42.679,0.000,0.000
207,False,2881,22.861,11.913,0.007,34.786,0.000,0.000
208,False,1590,23.266,12.734,0.012,36.017,0.000,0.000
209,False,9707,24.017,13.858,0.010,37.890,0.000,0.000
210,False,2312,21.028,16.750,0.010,37.796,0.000,0.000
211,False,12173,22.653,11.779,0.012,34.451,0.000,0.000
212,False,9438,23.220,12.951,0.006,36.182,0.000,0.000
213,False,3055,23.550,12.622,0.008,36.186,0.000,0.000
